{"cameraMode":{"drawMode":0,"name":"Shaded","section":"Shading Mode"},"sceneLighting":true,"audioPlay":false,"sceneViewState":{"m_AlwaysRefresh":true,"showFog":true,"showSkybox":true,"showFlares":true,"showImageEffects":true,"showParticleSystems":true,"showVisualEffectGraphs":true,"m_FxEnabled":true},"in2DMode":false,"pivot":{"x":1.109346866607666,"y":-9.961559295654297,"z":-1.6143817901611329},"rotation":{"x":0.6109909415245056,"y":-0.0035704760812222959,"z":0.0027476183604449035,"w":0.7916398644447327},"size":30.444311141967775,"orthographic":false}