{"cameraMode":{"drawMode":0,"name":"Shaded","section":"Shading Mode"},"sceneLighting":true,"audioPlay":false,"sceneViewState":{"m_AlwaysRefresh":true,"showFog":true,"showSkybox":true,"showFlares":true,"showImageEffects":true,"showParticleSystems":true,"showVisualEffectGraphs":true,"m_FxEnabled":true},"in2DMode":false,"pivot":{"x":-0.564237117767334,"y":5.927988052368164,"z":-15.27531909942627},"rotation":{"x":-0.5990512371063232,"y":0.00047257100231945515,"z":-0.0003655051114037633,"w":-0.8007211089134216},"size":5.215524673461914,"orthographic":false}